sku,rotacion_anual,dias_rotura_stock_2026
ZW-TEE-001,N/A (Sin dato de stock medio),N/A (Sin serie diaria por SKU)
ZW-TEE-002,N/A (Sin dato de stock medio),N/A (Sin serie diaria por SKU)
ZW-TEE-003,N/A (Sin dato de stock medio),N/A (Sin serie diaria por SKU)
ZW-DEN-001,N/A (Sin dato de stock medio),N/A (Sin serie diaria por SKU)
ZW-DEN-002,N/A (Sin dato de stock medio),N/A (Sin serie diaria por SKU)
ZW-DEN-003,N/A (Sin dato de stock medio),N/A (Sin serie diaria por SKU)
ZW-SAS-001,N/A (Sin dato de stock medio),N/A (Sin serie diaria por SKU)
ZW-SAS-002,N/A (Sin dato de stock medio),N/A (Sin serie diaria por SKU)
ZW-SAS-003,N/A (Sin dato de stock medio),N/A (Sin serie diaria por SKU)
ZW-VES-001,N/A (Sin dato de stock medio),N/A (Sin serie diaria por SKU)
ZW-VES-002,N/A (Sin dato de stock medio),N/A (Sin serie diaria por SKU)
ZW-VES-003,N/A (Sin dato de stock medio),N/A (Sin serie diaria por SKU)
ZW-ACC-001,N/A (Sin dato de stock medio),N/A (Sin serie diaria por SKU)
ZW-ACC-002,N/A (Sin dato de stock medio),N/A (Sin serie diaria por SKU)
ZW-ACC-003,N/A (Sin dato de stock medio),N/A (Sin serie diaria por SKU)
ZW-PUN-001,N/A (Sin dato de stock medio),N/A (Sin serie diaria por SKU)
ZW-PUN-002,N/A (Sin dato de stock medio),N/A (Sin serie diaria por SKU)
ZW-CAZ-001,N/A (Sin dato de stock medio),N/A (Sin serie diaria por SKU)
ZW-CAZ-002,N/A (Sin dato de stock medio),N/A (Sin serie diaria por SKU)
ZW-ACC-004,N/A (Sin dato de stock medio),N/A (Sin serie diaria por SKU)
